calificacion,comentarios
6,pesimo servicio en la agencia
10,"solo califica, sin comentarios"
10,"solo califica, sin comentarios"
10,"solo califica, sin comentarios"
10,"solo califica, sin comentarios"
10,"solo califica, sin comentarios"
10,"solo califica, sin comentarios"
6,"solo califica, sin comentarios"
10,"solo califica, sin comentarios"
10,"solo califica, sin comentarios"
10,"solo califica, sin comentarios"
10,"solo califica, sin comentarios"
6,"solo califica, sin comentarios"
8,no lo quisieron recibir
10,"solo califica, sin comentarios"
8,"solo califica, sin comentarios"
10,"solo califica, sin comentarios"
10,"solo califica, sin comentarios"
10,"solo califica, sin comentarios"
10,"solo califica, sin comentarios"
10,"solo califica, sin comentarios"
10,"solo califica, sin comentarios"
10,"solo califica, sin comentarios"
10,"solo califica, sin comentarios"
10,"solo califica, sin comentarios"
8,"solo califica, sin comentarios"
10,"solo califica, sin comentarios"
10,"solo califica, sin comentarios"
10,"solo califica, sin comentarios"
6,pesimo servicio en la agencia
10,"solo califica, sin comentarios"
10,"solo califica, sin comentarios"
10,muy bien
6,unidad se entrego sucia
6,"el servicio pesimo, atencion nefasta"
6,"solo califica, sin comentarios"
6,no me han resuelto mi problema
10,"solo califica, sin comentarios"
10,"solo califica, sin comentarios"
8,muy probable pero carisimo
10,"solo califica, sin comentarios"
8,"solo califica, sin comentarios"
6,"solo califica, sin comentarios"
10,"solo califica, sin comentarios"
10,"solo califica, sin comentarios"
10,"solo califica, sin comentarios"
10,"solo califica, sin comentarios"
8,"solo califica, sin comentarios"
10,"solo califica, sin comentarios"
10,"solo califica, sin comentarios"
10,"solo califica, sin comentarios"
10,"solo califica, sin comentarios"
6,se envia whatsapp
8,"solo califica, sin comentarios"
10,"solo califica, sin comentarios"
10,"solo califica, sin comentarios"
6,"solo califica, sin comentarios"
8,"solo califica, sin comentarios"
10,"solo califica, sin comentarios"
10,"solo califica, sin comentarios"
10,"solo califica, sin comentarios"
10,excelente muchas gracias
10,"solo califica, sin comentarios"
8,"solo califica, sin comentarios"
10,"solo califica, sin comentarios"
6,reporto la guantera rota
10,"solo califica, sin comentarios"
10,"solo califica, sin comentarios"
8,"solo califica, sin comentarios"
10,"solo califica, sin comentarios"
10,"solo califica, sin comentarios"
8,"solo califica, sin comentarios"
10,"solo califica, sin comentarios"
10,"solo califica, sin comentarios"
10,"solo califica, sin comentarios"
10,"solo califica, sin comentarios"
10,"solo califica, sin comentarios"
8,aun esta en el distribuidor
10,todo muy bien
10,todo estuvo perfecto
10,"solo califica, sin comentarios"
10,"solo califica, sin comentarios"
8,"solo califica, sin comentarios"
6,la unidad sigue en reparacion
8,"solo califica, sin comentarios"
10,"solo califica, sin comentarios"
10,"solo califica, sin comentarios"
6,"solo califica, sin comentarios"
10,"solo califica, sin comentarios"
6,"solo califica, sin comentarios"
10,"solo califica, sin comentarios"
8,"solo califica, sin comentarios"
8,"solo califica, sin comentarios"
10,"solo califica, sin comentarios"
8,actitud con su personal y sus asesores
10,"solo califica, sin comentarios"
10,"solo califica, sin comentarios"
10,"solo califica, sin comentarios"
10,"solo califica, sin comentarios"
10,"solo califica, sin comentarios"
8,"solo califica, sin comentarios"
10,"solo califica, sin comentarios"
10,"solo califica, sin comentarios"
8,numero que califica es equivocado
10,"solo califica, sin comentarios"
10,"solo califica, sin comentarios"
8,"solo califica, sin comentarios"
10,"solo califica, sin comentarios"
8,"solo califica, sin comentarios"
6,"solo califica, sin comentarios"
10,"solo califica, sin comentarios"
10,"solo califica, sin comentarios"
8,no dije que no lo haria.
10,"solo califica, sin comentarios"
10,"solo califica, sin comentarios"
10,"solo califica, sin comentarios"
10,"solo califica, sin comentarios"
10,"solo califica, sin comentarios"
8,"solo califica, sin comentarios"
10,"solo califica, sin comentarios"
10,"solo califica, sin comentarios"
8,"solo califica, sin comentarios"
8,"solo califica, sin comentarios"
10,"solo califica, sin comentarios"
10,"solo califica, sin comentarios"
10,"solo califica, sin comentarios"
10,"solo califica, sin comentarios"
6,"solo califica, sin comentarios"
8,"solo califica, sin comentarios"
8,"solo califica, sin comentarios"
6,0 no lo recomendaria
6,"solo califica, sin comentarios"
10,"solo califica, sin comentarios"
10,"solo califica, sin comentarios"
10,"solo califica, sin comentarios"
6,"solo califica, sin comentarios"
8,"solo califica, sin comentarios"
10,"solo califica, sin comentarios"
10,"solo califica, sin comentarios"
10,"solo califica, sin comentarios"
10,"solo califica, sin comentarios"
10,"solo califica, sin comentarios"
8,"solo califica, sin comentarios"
10,"solo califica, sin comentarios"
10,"solo califica, sin comentarios"
10,"solo califica, sin comentarios"
10,"solo califica, sin comentarios"
10,"solo califica, sin comentarios"
10,"solo califica, sin comentarios"
10,"solo califica, sin comentarios"
6,la unidad no estaba lavada
10,"solo califica, sin comentarios"
10,"solo califica, sin comentarios"
10,"solo califica, sin comentarios"
10,"solo califica, sin comentarios"
8,le entrengaron su unidad sucia
10,"solo califica, sin comentarios"
6,"solo califica, sin comentarios"
10,"solo califica, sin comentarios"
8,"solo califica, sin comentarios"
10,"solo califica, sin comentarios"
10,"solo califica, sin comentarios"
10,"solo califica, sin comentarios"
10,"solo califica, sin comentarios"
10,"solo califica, sin comentarios"
8,"solo califica, sin comentarios"
10,*
10,*
10,todo bien
10,todo muy bien
10,*
10,*
10,*
10,todo muy bien
10,todo muy bien
10,todo muy bien
10,todo muy bien / hyp
10,*
10,*
10,*
10,*
10,*
10,*
10,*
10,todo bien
10,todo bien
10,todo bien
9,todo bien
10,buen servicio
10,todo excelente
10,excelente servicio
10,todo bien con amabilidad
10,"buena atencion, excelente trato"
10,todo muy bien
6,muy tardada la entrega.
10,*
10,*
10,*
9,todo bien
10,todo bien
10,*
10,perfecto
10,sin comentarios
10,solo tiempo de entrega
10,todo muy bien
10,todo bien
10,todo muy bien
10,*
9,todo muy bien
10,*
10,todo muy bien
10,todo bien
10,todo bien
9,todo bien
10,todo bien
10,todo igual
10,todo bien
10,excelente servicio
10,la rapidez
10,todo estuvo bien
10,atencion
10,siempre nos atienden bien
10,*
10,todo bien
10,todo muy bien
9,*
10,no brinda conentario
9,atencion mas rapida
10,todo muy bien
10,todo bien
10,excelente atencion
10,todo muy bien
10,todo bien
10,"todo bien, excelente"
10,todo bien
10,"todo muy bien ,el trato y atencion"
10,todo bien
10,*
0,no quiso responder encuesta
10,*
10,*
7,sin comentarios
10,*
10,todo muy bien
10,todo muy bien
10,*
10,todo bien
9,*
10,ninguno
10,*
4,no quiso responder encuesta
9,todo muy bien
10,todo muy bien todo cordial el servicio
9,todo bien por el momento
10,todo muy bien
9,todo bien
10,todo bien
10,todo bien
10,todo bien
10,todo muy bien
10,todo mu bien
10,todo bien
10,*
9,deben entregar las unidades mas rapido
10,todo bien
10,en general estuvo bien la visita
10,puntualidad y buena atencion
8,ninguno
8,buena atencion
10,todo muy bien
10,satisfactrio
10,todo bien
10,todo muy bien
10,todo muy bien
4,no quiso responder encuesta
10,buen servicio
9,todo muy bien
10,todo ok
10,ninguna
10,todo bien
10,excelente atencion
10,todo muy bien
10,todo muy bien
10,*
10,trabajo realizado
10,muy rapido la atencion y amables
10,todo bien
10,muy buena atencion y servicio
10,todo bien
9,sin comentarios
10,todo bien
10,todo bien
10,muy buena atencion y asesoria
10,todo bien
9,todo bien
10,todo bien
10,todo bien
10,todo bien
10,la atencion es excelente
10,todo bien
10,trabajo realizado a la perfeccion
10,*
10,nada
10,todo muy bien
10,todo bien
4,no quiso responder encuesta
1,sin comentarios
10,*
10,*
10,*
10,todo bien
10,*
10,excelente servicio
10,excelente servicio
10,*
10,todo muy bien
9,la amabilidad y calidad en el servicio
9,nada
10,excelente servicio
10,el excelente servicio y atencion
10,muy bien
10,todo bien
10,*
10,*
10,*
10,todo bien
9,*
7,no quiso contestar encuesta
10,*
10,*
10,todo fue en tiempo y forma
9,*
10,todo muy bien
10,*
9,ninguno
10,recomendacion al personal excelente.
9,todo bien
10,todo super bien
10,servicio de excelencia
10,*
10,todo bien
10,todo bien
10,todo bien
9,tiempo de entrega
10,todo muy bien
10,todo bien
10,todo bien
10,"ni ganas,todo esta en orden"
10,*
10,*
10,*
10,*
10,todo bien
10,todo muy bien buena atencion
10,*
10,*
10,todo bien
9,sin comentarios
10,*
10,todo muy bien
10,todo bien
9,todo bien
10,todo bien
10,todo muy bien
10,excelente
10,refacciones
10,excelente todo
10,excelente atencion
8,son muy altos los costos
10,todo estuvo excelente
10,todo bien
10,todo bien
9,ser puntuales en recepcion de unidad
10,los servicios son rapidos y de calidad
4,entiendo de entreg
10,todo bien
10,todo muy bien
10,*
10,el lavado le falta
8,muy buena
10,*
10,ser mas puntuales
10,*
10,ninguno
5,no le gusto el servicio
10,muy atento el asesor fernando
10,excelente
10,ninguna
10,*
10,todo muy bien
10,*
10,todo bien
10,todo bien
10,ninguno
8,esta vez estuvo bien
10,asi de rapidos
9,*
10,*
9,*
10,*
10,*
10,siempre me han atendido muy bien
10,*
10,todo bien
10,*
8,tiempos de entrega
10,todo bien
10,*
10,excelente atencion
10,el servicio es puntual y amable
10,*
10,*
10,todo bien
10,*
10,muy buena atencion
10,*
10,*
10,ninguna
9,*
10,*
10,*
10,excelente
10,puntualidad y el tratovon los clientes
10,*
10,todo bien
10,todo bien
10,todo bien
10,*
10,muy buen servicio siempre nos dan
10,*
10,hasta el momento todo esta bien
10,*
10,*
10,todo muy bien
10,buen servicio
10,atencion a clientes
10,todo bien
9,todo bien
10,todo bien
10,*
10,*
10,todo bien
10,los precio accesibles
10,muy buen servicio siempre nos dan
10,*
10,*
10,todo muy bien
10,muy buena atencion
10,*
9,*
9,ninguno
10,todo bien
10,siempre excelente
10,buen trato al cliente
10,todo esta bien
8,todo bien
9,todo esta muy bien
10,muy bien
10,todo bien con el servicio
8,tiempos de entrega
10,todo bien
10,*
10,mantener el buen servicio
10,todo bien
10,todo bien
9,sin comentarios
10,el buen trato a los clientes
10,mantener la buena atencion al cliente
10,todo bien
10,buen servicio y atencion
10,excelente atencion
9,sin comentarios
6,la atencion muy buena
10,todo correcto en la entrega
10,todo bien
10,muy buen servicio
10,todo excelente
10,muy satisfecho con su servicio
10,nada todo esta perfectamente
9,todo bien
10,excelente atencion
10,buena atencion de los consultores
10,todo muy bien
9,todo bien
10,todo bien
10,todo bien
10,todo bien
10,todo muy bueno
10,agilizar entrega
10,amabilidad
10,todo bien
10,todo bien
10,continuar con la atencion recibida
9,mejorar los tiempos de entrega
10,bajar precios
10,excelente atencion
10,todo muy bien
10,todo bien en todos los aspectos
10,buen servicio
10,todo bien
10,todo muy bieb
10,todo muy bien
10,todo bien
10,todo bien
9,buen servicio
10,"excelente servicio, todo muy bien"
8,tiempos de entrega
10,puntualidad con el servicio
10,seguir innovando el servicio esecelente
10,todo muy bien
10,siempre son muy amables.
10,todo excelente
10,mantener buen servicio
10,ninguna
10,buena atencion para los clientes
10,*
10,*
10,todo bien
10,buen seguimiento de las unidades
10,todo bien
10,muy bien
10,todo bien
10,todo bien
10,excelente servicio de todo el personal
8,bien
10,todo muy bien
10,todo bien
7,mostrar el aceite que retiraron
10,*
10,todo bien
10,ninguna
9,sin comentarios
10,todo excelente
10,muy bien
10,*
10,sin comentarios
10,sin comentarios
10,*
10,*
10,fue muy atenta y rapido
10,sin comentarios
10,*
9,todo bien
10,ninguna
10,buen dia
7,atencion a clientes
10,*
10,todo perfecto
10,todo muy bien
10,buen trabajo
10,perfecto todo
10,mas contacto
10,*
10,*
10,todo muy bien
9,la amabilidad y calidad en el servicio
8,sin comentarios
10,todo en orden
10,amabilidad y puntualidad excelentes
10,todo bien
10,todo bien
10,eficiencia
10,*
10,"solo califica, sin comentarios"
10,"solo califica, sin comentarios"
6,porque no me deja 0
10,"solo califica, sin comentarios"
10,"solo califica, sin comentarios"
10,"solo califica, sin comentarios"
10,"solo califica, sin comentarios"
10,"solo califica, sin comentarios"
8,los costos muy elevados
8,puse 9
10,"solo califica, sin comentarios"
8,"solo califica, sin comentarios"
10,"solo califica, sin comentarios"
10,"solo califica, sin comentarios"
10,"solo califica, sin comentarios"
8,"solo califica, sin comentarios"
10,"solo califica, sin comentarios"
10,"solo califica, sin comentarios"
10,"solo califica, sin comentarios"
10,"solo califica, sin comentarios"
10,"solo califica, sin comentarios"
6,no recomiendo es mala
10,"solo califica, sin comentarios"
8,"solo califica, sin comentarios"
10,"solo califica, sin comentarios"
10,"solo califica, sin comentarios"
8,"solo califica, sin comentarios"
10,"solo califica, sin comentarios"
10,"solo califica, sin comentarios"
8,"solo califica, sin comentarios"
10,"solo califica, sin comentarios"
10,"solo califica, sin comentarios"
10,"solo califica, sin comentarios"
6,"solo califica, sin comentarios"
10,"solo califica, sin comentarios"
10,"solo califica, sin comentarios"
8,"solo califica, sin comentarios"
8,"solo califica, sin comentarios"
10,"solo califica, sin comentarios"
8,tener costos mas competitivos
10,"solo califica, sin comentarios"
8,"solo califica, sin comentarios"
10,"solo califica, sin comentarios"
10,"solo califica, sin comentarios"
10,"solo califica, sin comentarios"
8,"solo califica, sin comentarios"
6,"solo califica, sin comentarios"
10,"solo califica, sin comentarios"
8,no brinda mas comentarios
10,"solo califica, sin comentarios"
6,"solo califica, sin comentarios"
10,"solo califica, sin comentarios"
10,"solo califica, sin comentarios"
6,solicito una revision y no la hicieron
10,"solo califica, sin comentarios"
10,"solo califica, sin comentarios"
10,"solo califica, sin comentarios"
10,"solo califica, sin comentarios"
10,"solo califica, sin comentarios"
10,"solo califica, sin comentarios"
8,"solo califica, sin comentarios"
6,"solo califica, sin comentarios"
10,"solo califica, sin comentarios"
8,"solo califica, sin comentarios"
10,"solo califica, sin comentarios"
10,"solo califica, sin comentarios"
6,mala atencion y mal servicio
10,"solo califica, sin comentarios"
6,"solo califica, sin comentarios"
10,"solo califica, sin comentarios"
8,sus precios
10,"solo califica, sin comentarios"
10,"solo califica, sin comentarios"
10,"solo califica, sin comentarios"
6,"solo califica, sin comentarios"
8,actualizaciones del progreso
10,"solo califica, sin comentarios"
10,"solo califica, sin comentarios"
10,"solo califica, sin comentarios"
10,"solo califica, sin comentarios"
10,"solo califica, sin comentarios"
8,se envia whatsapp
10,"solo califica, sin comentarios"
10,"solo califica, sin comentarios"
10,"solo califica, sin comentarios"
10,"solo califica, sin comentarios"
6,"solo califica, sin comentarios"
6,"solo califica, sin comentarios"
10,"solo califica, sin comentarios"
10,"solo califica, sin comentarios"
8,"solo califica, sin comentarios"
10,"solo califica, sin comentarios"
8,se envia whatsapp
10,"solo califica, sin comentarios"
10,"solo califica, sin comentarios"
10,"solo califica, sin comentarios"
10,"solo califica, sin comentarios"
6,"solo califica, sin comentarios"
10,"solo califica, sin comentarios"
6,muy mala experiencia
10,"solo califica, sin comentarios"
10,"solo califica, sin comentarios"
10,"solo califica, sin comentarios"
10,"solo califica, sin comentarios"
6,"solo califica, sin comentarios"
10,"solo califica, sin comentarios"
10,"solo califica, sin comentarios"
8,lavada de unidad
6,el servicio y la atencion
10,"solo califica, sin comentarios"
8,"solo califica, sin comentarios"
6,"solo califica, sin comentarios"
6,se envia whatsapp
6,"solo califica, sin comentarios"
10,"solo califica, sin comentarios"
8,lavada de unidad
10,"solo califica, sin comentarios"
10,"solo califica, sin comentarios"
6,"solo califica, sin comentarios"
8,"solo califica, sin comentarios"
10,"solo califica, sin comentarios"
10,"solo califica, sin comentarios"
10,"solo califica, sin comentarios"
8,que se pueda hacer mas rapido el pago
8,"solo califica, sin comentarios"
10,"solo califica, sin comentarios"
8,aun no me envian mi factura
10,todo muy bien
10,todo muy bien
2,tiempo de entrega muy tardado
8,todo bien
10,perfecta y exacta
10,todo bien
10,todo bien y en orden
10,todo muy bien
10,todo muy bien
10,excelente atencion
10,*
10,*
10,*
10,todo bien
10,buena atencion por parte de yazareth
10,todo bien
10,todo bien
10,todo bien
10,todo bien
10,todo bien
10,todo bien
10,todo muy bien
10,todo excelente
9,*
10,*
10,*
10,*
10,*
9,*
10,*
10,*
10,excelente servicio y atencion
10,*
10,*
10,atentos y amables
9,*
5,la unidad salio con un tallon
10,*
10,"ninguna,todo bien"
10,todo estuvo muy bien
9,*
10,*
5,la unidad salio con un tallon
6,no me gusto la estetica realizada
9,*
10,*
10,amabilidad
10,estuvo excelente todo
10,todo excelente
10,todo bien
10,fue excelente
10,todo bien
9,*
10,*
9,*
10,todo muy bien
9,*
10,todo bien
10,todo perfecto y muy buena atencion
9,solo tener mas atencion al cliente
10,*
10,fue excelente
10,"todo fue facil,no tan rapido pero bien"
10,todo bien atentos
10,todo bien
9,esta bien
10,todo muy bien buena atencion
10,"super atencion por parte de yazareth,"
10,todo bien
10,todo muy bien
10,buena atencion
10,todo muy bien
10,*
10,todo perfecto
10,todo muy bien
10,todo muy bien
10,*
10,*
10,todo bien
10,fue excelente
10,buena actitud
10,*
10,todo muy bien
10,*
10,*
10,fueron atentos y rapido el servicio
10,*
10,todo muy bien
10,sin comentarios
10,*
10,todo bien
10,todo bien todo perfecto
10,todo bien
9,todo bien
9,bastante bien
10,*
10,todo bien
9,*
10,*
9,*
10,todo bien
9,todo bien
10,todo muy bien claros y buen servicio
10,byena atencion
10,el tiempo de recepcion sea mas rapido
9,*
10,*
10,*
10,servicio y atencion a cliente
10,excelente
10,todo bien
9,sin comentarios
10,todo bien excelente servicio
9,todo bien
9,todo bien
10,todo bien
10,todo muy bien
10,*
10,ninguna
10,too ok
10,excelente servicio
10,todo bien
10,*
10,todo muy bien
10,*
10,*
10,*
10,buen trato y tiempo de entrega
9,los presupuestos son muy lentos
10,todo bien todo perfecto
10,todo bien
10,todo bien
9,*
10,todo bien
9,"todo bien , gracias"
10,todo bien
10,excelente
10,ninguna
10,todo perfecto
10,todo muy bien
10,todo bien
9,*
9,*
10,*
10,*
9,esta bien
10,*
10,"mejorar nada,esta excelente"
10,muy atentos
9,*
9,todo bien
10,*
10,todo excelente
10,excelente servicio
10,todo muy bien
10,sin comentarios
10,"buen servicio de mi asesora yazareth,"
10,*
10,todo bien
10,*
10,servicios excelente
10,ninguno
10,todo bien
9,se tardo mucho la unidad en taller
7,mas eficacia en el servicio
9,*
9,todo bien
9,*
10,todo muy bien
9,*
10,todo bien
10,excelente atencion y tiempo en forma
8,seguimiento
10,la misma calidad en el servicio
10,puntualidad
10,*
10,todo muy bien
10,ningun comentario
8,muy buena atencion
10,todo bien
10,todo bien
10,todo bien
10,*
10,todo muy bien
9,seguir igual con el mismo compromiso
8,ninguna
9,*
10,nada
10,todo bien
10,excelente servicio
10,todo bien
9,*
9,*
10,todo muy bien
10,un poco mas agiles con las garantiasm
9,nada
10,*
9,bien solo el tiempo de entrega
9,ninguna
9,entregar a tiempo
10,super rapido todo
0,no quiso contestar encuesta
8,todo bien
10,todo bien
10,*
10,todo muy bien
9,ninguno
10,todo bien
10,perfecta excelente mi asesora
10,todo bien
10,todo muy bien
9,solo el tiempo de entrega y de espera
9,ninguna
10,muy bien mi asesor jesus
10,todo muy bien
10,estuvo muy bien la atencion
10,todo muy bien
10,todo bien
10,todo bien
10,*
10,todo bien
10,todo bien
8,sin comentarios
10,todo bien
10,todo muy bien
10,sin comentarios
10,ninguna
9,todo bien
10,todo bien
10,excelente trato y puntualidad
1,no quiso contestar encuesta
10,todo muy bien
9,todo bien
9,todo bien
10,todo bien
10,todo bien
10,todo muy bien
10,todo bien
10,todo bien
10,todo bien
10,excelente servicio
10,todo bien
10,todo bien
10,todo bien sin inconvenientes
8,el tiempo de entrega
10,excelente servicio
10,todo muy bien
10,bien
8,tiempos de respuesta
10,todo bien
9,todo bien
8,entregaron mi unidad com un rayon
8,atencion a clientes
10,todo bien
10,todo muy bien
10,todo bien
10,atencion
10,todo muy bien
10,excelente
9,todo bien
10,todo muy bien
10,todo muy bien
10,sin comentarios
9,todo bien
9,todo muy bien
10,sin comentarios
9,todo bien
9,todo bien
10,todo muy bien
10,excelente atencion
9,todo bien
9,"ninguna, todo bien"
10,todo bien
0,no contesta encuesta
9,todo bien
9,todo muy bien
10,todo bien
10,la atencion
9,todo bien
10,excelente
9,nada
10,todo bien
10,excelente
10,todo muy bien
10,todo excelente
10,han estado satisfechos con el servicio
10,todo muy bien
9,todo bien
8,"servicios, mejorar lavado"
1,ninguno
10,bien
8,falta de comunicacion com mi asesor
10,todo bien
10,todo bien
9,nada
9,todo bien
10,todo muy bien
1,el lavado muy mal
10,todo bien
10,todo bien
10,todo bien
10,todo bien con fernando
10,muy buena atencion
10,bien todo
10,todo muy bien
10,todo a tiempo y presiso
10,excelente servicio
9,ninguna
9,ninguna
10,tiempo de entrega
10,espectacular
10,todo excelente
8,el asesor muy amable
10,todo en orden
8,la caja es muy lenta
10,todo bien
10,siempre buena atencion
8,falta de atencion en tiempo de entrega
9,la tardanza para poder entregar
10,buen servicio
1,no quiso responder encuesta
8,"solo califica, sin comentarios"
8,"solo califica, sin comentarios"
10,"solo califica, sin comentarios"
6,"solo califica, sin comentarios"
10,"solo califica, sin comentarios"
10,"solo califica, sin comentarios"
10,"solo califica, sin comentarios"
10,"solo califica, sin comentarios"
10,"solo califica, sin comentarios"
10,"solo califica, sin comentarios"
6,"solo califica, sin comentarios"
6,se envia whatsapp
8,"solo califica, sin comentarios"
8,"solo califica, sin comentarios"
10,"solo califica, sin comentarios"
6,"solo califica, sin comentarios"
8,"solo califica, sin comentarios"
8,"solo califica, sin comentarios"
10,"solo califica, sin comentarios"
10,"solo califica, sin comentarios"
10,"solo califica, sin comentarios"
10,"solo califica, sin comentarios"
10,"solo califica, sin comentarios"
10,"solo califica, sin comentarios"
6,"solo califica, sin comentarios"
10,"solo califica, sin comentarios"
6,"solo califica, sin comentarios"
10,"solo califica, sin comentarios"
10,"solo califica, sin comentarios"
10,"solo califica, sin comentarios"
10,"solo califica, sin comentarios"
10,"solo califica, sin comentarios"
10,"solo califica, sin comentarios"
10,los recomiendo
10,"solo califica, sin comentarios"
10,"solo califica, sin comentarios"
10,los recomiendo
10,"solo califica, sin comentarios"
10,"solo califica, sin comentarios"
10,"solo califica, sin comentarios"
10,"solo califica, sin comentarios"
10,"solo califica, sin comentarios"
10,"solo califica, sin comentarios"
10,"solo califica, sin comentarios"
10,"solo califica, sin comentarios"
10,se envia whatsapp
10,"solo califica, sin comentarios"
10,"solo califica, sin comentarios"
10,"solo califica, sin comentarios"
8,"solo califica, sin comentarios"
10,"solo califica, sin comentarios"
10,"solo califica, sin comentarios"
10,"solo califica, sin comentarios"
8,"solo califica, sin comentarios"
10,"solo califica, sin comentarios"
10,"solo califica, sin comentarios"
6,"solo califica, sin comentarios"
8,"solo califica, sin comentarios"
8,"solo califica, sin comentarios"
10,"solo califica, sin comentarios"
10,"solo califica, sin comentarios"
10,"solo califica, sin comentarios"
6,precios
8,4cm/ solo califica sin comentarios
10,"solo califica, sin comentarios"
10,"solo califica, sin comentarios"
10,"solo califica, sin comentarios"
10,5cm
8,"solo califica, sin comentarios"
6,"solo califica, sin comentarios"
10,"solo califica, sin comentarios"
6,"solo califica, sin comentarios"
6,los precios son muy altos
8,tiempos de entrega
10,"solo califica, sin comentarios"
8,"nada, sigan igual"
8,4cm/ solo califica sin comentarios
10,"solo califica, sin comentarios"
10,"solo califica, sin comentarios"
10,"solo califica, sin comentarios"
6,"solo califica, sin comentarios"
10,"solo califica, sin comentarios"
10,"solo califica, sin comentarios"
8,"solo califica, sin comentarios"
10,"solo califica, sin comentarios"
8,"solo califica, sin comentarios"
8,"solo califica, sin comentarios"
10,"solo califica, sin comentarios"
10,"solo califica, sin comentarios"
10,"solo califica, sin comentarios"
10,"solo califica, sin comentarios"
6,"solo califica, sin comentarios"
10,"solo califica, sin comentarios"
10,"solo califica, sin comentarios"
10,"solo califica, sin comentarios"
10,"solo califica, sin comentarios"
10,"solo califica, sin comentarios"
10,"solo califica, sin comentarios"
10,"solo califica, sin comentarios"
10,"solo califica, sin comentarios"
10,"solo califica, sin comentarios"
10,"solo califica, sin comentarios"
10,"solo califica, sin comentarios"
10,"solo califica, sin comentarios"
10,"solo califica, sin comentarios"
10,"solo califica, sin comentarios"
10,"solo califica, sin comentarios"
10,"solo califica, sin comentarios"
10,"solo califica, sin comentarios"
10,"solo califica, sin comentarios"
10,"solo califica, sin comentarios"
8,"solo califica, sin comentarios"
10,"solo califica, sin comentarios"
6,"solo califica, sin comentarios"
10,"solo califica, sin comentarios"
10,"solo califica, sin comentarios"
8,"solo califica, sin comentarios"
10,"solo califica, sin comentarios"
10,"solo califica, sin comentarios"
10,se envia whatsapp
10,"solo califica, sin comentarios"
10,"solo califica, sin comentarios"
10,"solo califica, sin comentarios"
10,"solo califica, sin comentarios"
10,"solo califica, sin comentarios"
8,"solo califica, sin comentarios"
6,"solo califica, sin comentarios"
10,"solo califica, sin comentarios"
10,todo bien
9,todo muy bien
10,todo bien
9,todo bien
10,todo bien
9,todo bien
9,todo bien
10,la atencion y amabilidad
9,todo bien
10,todo muy bien
10,todo bien
10,todo bien
10,todo bien
10,nada
10,"todo muy bien ,con la puntualidad"
10,me parece muy bueno el servicio
10,todo de maravilla muy atentos todos
9,todo bien
10,todo bien
10,todo muy bien
10,todo bien
10,todo muy bien
8,ninguna
9,todo muy bien
9,ninguna
10,todo muy bien
9,todo bien
9,todo bien
9,el tiempo de entrega hacerlo mas corto
10,todo bien
10,amabilidad
10,"ninguna,todo bien"
10,todo bien
10,todo bien
10,estuvo excelente
10,excelente atencion de todos
6,la atencion al cliente en general
9,estuvo excelente la atencion
10,"no,ninguna"
10,todo bien
9,todo bien
10,todo bien
10,todo bien
10,todo muy bien
9,tiempo de diagnostico
10,*
1,no quiso contestar encuesta
9,ninguna
10,todo bien
9,todo muy bien
9,todos muy amables
10,todo bien
9,excelente
9,todo bien
9,todo bien
9,todo bien
10,todo muy bien
8,todo bien
9,todo bien
10,una super atencion y todo a tiempo
9,ninguna
10,muy bien fue rapido
9,todo bien
9,todo bien
10,todo bien
10,todo bien buena comunicacion
10,todo estuvo bien
9,nada
10,todo muy bien
10,todo bien
10,ninguna
10,todo bien y excelente atencion.
10,todo bien
9,bien
10,ninguna
10,excelente atencion
10,muy amables todos
10,todo bien
10,la calidad y calidez del del servicio
10,todo bien
9,todo bien
8,solo los tiempos no se respetan mucho
10,muy buena atencion
10,seguir dando un buen servicio
10,ninguna
10,todo bien
10,todo bien
10,todo estuvo perfecto
10,ninguna
10,todo bien
10,ninguna
10,todo muy bien
8,todo bien
10,todo muy bien excelente
10,todo en orden
10,todo muy bien
9,todo bien
9,bien
7,precios
8,los horarios de entrega
10,todo en orden
10,todo muy bien
10,todo bien
10,excelente servicio
10,todo perfecto
10,excelente servicio
10,todo bien
6,mejorar los tiempos en refacciones
10,angel es perfecto
9,ser puntuales con sus citas
8,el tiempo de entrega
9,el tiempo de entrega en recepcion
10,"ninguna, todo bien"
9,ninguna
9,ninguna
10,niinguna
10,ninguna
9,todo bien
9,todo bien
10,todo bien
9,ninguna
9,nada
10,todo bien
10,todo muy bien
6,muy buena
10,desde la llegada todo excelente
10,todos muy amables
10,me atendieron bien
10,excelente servicio
8,ninguna
10,sin comentarios .
9,todo bien en tiempo y forma
9,bien
10,que conteste el celular el asesor
10,solo que contesten las llamadas
9,nada
10,todo estuvo muy bien
10,todo bien
9,tiempo de espera
10,atencion
10,todo bien
10,ninguna
10,todo muy bien
9,ha sido bastante bueno
10,todo excelente
10,muy bien
10,"no,todo estuvo bien"
10,"ninguna, todo bien"
10,solo tiempo de espera
10,la buena atencion
10,el costo del servicio bajarlos
10,la atencion siempre es muy buena
10,estuvo bien
10,todo excelente
10,no veo problemas
10,todo bien muy amables
8,tiempos de entrega
10,esta bien el servicio muy eficiente
10,todo bien
9,el tiempo de entrega
10,todo muy bien
10,todo estuvo muy bien.
10,todo bien
10,excelente servicio
10,ninguna
10,excelente atencion
10,excelente atencion
9,ser mas rapida la entrega
9,estuvo bien el asesor
10,todo muy bien felicidades
10,todo bien
9,todo bien
9,excelente servicio
10,estuvo muy bien
10,excelente servicio
10,muy agil y amable mi asesor
10,bien la atencion
10,"ninguna,todo bien"
8,nada
10,"ninguno, gracias"
10,todo bien
5,la tardanza para recibir y entregar
10,fue buena
10,todo bien
4,sin comentarios
10,buena atencion
8,todo bien
8,que laven bien los vehiculos
10,todo bien
9,nada
9,todo bien
10,muy rapido con el tiempo
10,todo excelente
10,todo bueno
10,el servicio es excelente
10,excelente por parte del asesor fernando
10,"todo muy bien ,buena atencion"
9,todo bien
10,"nada,todo bien"
10,todo perfecto
10,todo bien
10,excelente
10,"no,todo bien"
10,execelente servicio
10,"no,todo bien"
9,todo muy bien
10,excelente servicio
9,nada
9,todo bien
9,todo bien
10,todo muy bien excelente
9,nada
10,"ninguno,todo bien"
9,todo bien
10,todo estuvo excelente
10,todo bien
10,"todo esta bien,buen servicio"
10,excelente
9,actualizar los vostos en la pagina
10,todo bien
10,"todo bien,excelente agil y rapido"
10,todo muy bien
10,muchas gracias
10,"no,todo excelente"
10,todo esta perfecto
10,solo un poco mas de seguimiento
10,muy buen servicio
10,"ninguna,todo bien"
7,subieron muchos los precios
10,todo bien todo perfecto
10,*
6,tiempos de recepcion y entrega
10,el buen trato al cliente
10,todo bien
10,el servicio muy bueno
10,bien
10,"amabilidad, tiempo de servicio"
10,mantener la puntualidad
8,ninguna
10,ninguna
10,"todo bien, gracias"
10,todo ok
10,"no,esta bien"
10,bajar los precios
10,todo bien
10,todo bien
10,todo muy bien
10,todo muy bien
9,todo bien
9,todo bien
9,nada
9,atencion al cliente
10,todo excelente
10,buena
10,todo bien
10,todo muy positivo
10,todo bien
10,todo bien
10,todo bien
10,todo bien
10,muy buena
10,todo bien
10,todo bien
10,excelente
9,excelente
10,todo bien
9,me reservo
9,buena
8,un poco tardada la entrega
10,solo califica sin comentarios
10,todo perfecto
10,solo califica sin comentarios
10,solo califica sin comentarios
10,solo califica sin comentarios
10,solo califica sin comentarios
8,solo califica sin comentarios
10,solo califica sin comentarios
10,todo bien
10,solo califica sin comentarios
10,solo califica sin comentarios
6,solo califica sin comentarios
6,solo califica sin comentarios
8,solo califica sin comentarios
10,solo califica sin comentarios
10,solo califica sin comentarios
10,solo califica sin comentarios
10,solo califica sin comentarios
10,solo califica sin comentarios
10,les doy un 10
10,todo excelente
10,solo califica sin comentarios
10,solo califica sin comentarios
10,solo califica sin comentarios
10,muy buena la atencion de su consultora
10,todo muy bien
8,los tiempos de respuesta de diagnostico
8,la unidad sigue en el distribuidor
10,todo bien
10,solo califica sin comentarios
10,solo califica sin comentarios
10,solo califica sin comentarios
10,solo califica sin comentarios
10,solo califica sin comentarios
10,solo califica sin comentarios
10,solo califica sin comentarios
6,solo califica sin comentarios
10,solo califica sin comentarios
10,todo bien
6,solo califica sin comentarios
10,solo califica sin comentarios
10,solo califica sin comentarios
10,solo califica sin comentarios
10,solo califica sin comentarios
10,solo califica sin comentarios
10,todo bien
10,contesto la encuesta
10,solo califica sin comentarios
10,solo califica sin comentarios
10,solo califica sin comentarios
10,todo bien
8,solo califica sin comentarios
10,solo califica sin comentarios
8,solo califica sin comentarios
10,solo califica sin comentarios
8,solo califica sin comentarios
6,solo califica sin comentarios
10,solo califica sin comentarios
10,solo califica sin comentarios
8,solo califica sin comentarios
8,solo califica sin comentarios
10,solo califica sin comentarios
10,solo califica sin comentarios
6,solo califica sin comentarios
10,solo califica sin comentarios
10,solo califica sin comentarios
8,solo califica sin comentarios
10,solo califica sin comentarios
10,solo califica sin comentarios
10,solo califica sin comentarios
6,solo califica sin comentarios
10,solo califica sin comentarios
10,se envia whatsapp
10,solo califica sin comentarios
10,solo califica sin comentarios
10,solo califica sin comentarios
8,solo califica sin comentarios
10,solo califica sin comentarios
10,solo califica sin comentarios
10,todo muy bien
10,solo califica sin comentarios
10,solo califica sin comentarios
10,solo califica sin comentarios
8,solo califica sin comentarios
10,solo califica sin comentarios
10,solo califica sin comentarios
6,solo califica sin comentarios
8,solo califica sin comentarios
10,solo califica sin comentarios
10,solo califica sin comentarios
10,solo califica sin comentarios
10,solo califica sin comentarios
10,solo califica sin comentarios
10,solo califica sin comentarios
10,solo califica sin comentarios
10,todo bien
10,solo califica sin comentarios
10,solo califica sin comentarios
10,solo califica sin comentarios
6,trae encendido el testigo de neumaticos
8,solo califica sin comentarios
10,todo bien
10,se envia whatsapp
10,solo valifica sin comentarios
10,todo bien
8,mas cominicacion
10,solo califica sin comentarios
10,solo califica sin comentarios
10,solo califica sin comentarios
10,solo califica sin comentarios
10,solo califica sin comentarios
6,son unos rateros
6,con el distribuidor 8
10,todo en orden
10,solo califica sin comentarios
10,solo califica sin comentarios
10,solo califica sin comentarios
10,solo califica sin comentarios
10,solo califica sin comentarios
10,solo califica sin comentarios
10,solo califica sin comentarios
10,solo califica sin comentarios
10,solo califica sin comentarios
10,solo califica sin comentarios
10,solo califica sin comentarios
10,solo califica sin comentarios
10,solo califica sin comentarios
10,solo califica sin comentarios
10,solo califica sin comentarios
10,solo califica sin comentarios
8,se envia whatsapp
10,solo califica sin comentarios
8,solo califica sin comentarios
10,solo califica sin comentarios
10,solo califica sin comentarios
10,solo califica sin comentarios
10,solo califica sin comentarios
10,solo califica sin comentarios
10,solo califica sin comentarios
8,solo califica sin comentarios
8,solo califica sin comentarios
10,solo califica sin comentarios
10,solo califica sin comentarios
10,solo califica sin comentarios
10,solo califica sin comentarios
8,solo califica sin comentarios
6,solo califica sin comentarios
6,solo califica sin comentarios
10,solo califica sin comentarios
8,solo califica sin comentarios
10,todo bien
10,todo bien excelente atencion
10,"no,todo bien"
9,todo bien
10,"ninguna, todo bien"
10,muy bien
10,la calidad del servicio
9,todo muy bien
10,ninguna.
9,"no,todo bien"
10,es muy buen servicio
10,"no,estuvo bien muy a gusto"
10,todo bien
10,buen servicio
9,todo bien
10,"no,todo bien"
10,muy buen servicio excelente
10,"no,todo excelente"
10,todo excelente
10,"no,todo bien"
10,muy buena
10,todo bien
10,"no,todo bien"
10,todo muy bien
9,solo en la entrada se hace mucha fila
9,todo bien
10,"nada, todo bien"
10,todo bien
9,todo bien
10,muy bien
8,ninguno
10,buen servicio
9,todo bien
10,muy eficiente
10,todo muy bien
10,muy bien
10,me atendio excelente la srta. monserrat
10,"hasta ahorita todo bien, excelente"
10,"ninguna,todo bien"
10,buen servicio
10,no estuvo excelente el servicio
10,"no, ningun todo bien"
9,bien
10,todo bien
10,"no,muy buena atencion"
10,todo bien
10,todo bien
10,todo bien
10,"no,esta todo muy bien"
9,todo bien
9,*
10,todo bien
10,todo muy bien
10,no todo perfecto
10,tiempos de entrega
10,muy buena
10,quede satisfecho
10,no
10,no ninguna todo bien
10,todo bien
10,"no,todo muy cumplido"
10,mumiy buen servicio en todo.
9,nada
10,todo muy bien
10,todo bien
9,todo bien
8,excelente
9,todo bien
10,"nada,todo muy bien"
10,no todo esta muy bien
10,todo bien
10,nos atendieron muy bien
9,"muy bien , gracias"
10,ninguna
10,muy puntuales
10,"todo estuvo perfecto,esta muy bien"
10,siempre me atienden muy bien
10,ninguno
10,muy bueno el trabajo
10,excelente
10,excelente servicio muy rapido
9,bien
10,todo muy bien
9,todo bien
10,ninguno
10,muy bien
10,ninguna
10,muy buena
10,ninguna
10,todos fueron muy amables y rapido
8,*
10,muy bueno el trabajo
10,excelente servicio
10,todo bien
10,todo en orden
9,todo bien
10,todo bien
10,todo bien
10,la atencion y la comunicacion
9,*
10,muy buena
9,nada
10,todo muy bien
9,todo bien
10,"no ,esta todo hien"
10,todo bien
10,todo bien
9,todo bien
10,caja mas eficiente
10,todo excelente
10,todo bien
9,*
9,todo bien
10,buena atencion y puntualidad
10,excelente servicio
10,ninguna
10,solo la puntualidad al recibir
10,un servicio excelente
9,*
10,ninguna
10,muy bien
10,ninguna
10,todo bien
10,"no,todo bien"
10,ninguno
10,atencion maravillosa
9,todo bien
9,*
10,"todo excelente, todo perfecto"
10,fue rapida la atencion
10,"ninguna,todo bien"
10,excelente
10,"no,todo esta bien"
10,todo bien
9,sin comentarios
10,todo excelente
8,ninguno
10,siempre me atiende de bien
10,giovani excelent3 servicio
10,todo bien
10,excelente atencion
10,estan correcto
10,no todo me parecio perfecto
9,todo bien
10,el cumplimiento de los plazos
10,todo muy bien
10,todo muy bien
10,todo esta excelente
10,"no, todo bien"
10,"ninguna, toda bien"
8,todo bien
10,ninguna
10,todo bien
10,*
10,excelente
10,todo bien
10,muy buena
8,"todo bien,"
10,cada vez lo estan haciendo mejor
8,tiempos de entrega mas cortos.
9,todo bien
9,*
10,todo bien
9,nada
10,excelente
10,"ningu a,excelente atencion"
10,excelente
9,*
10,es mi primera vez y estoy satisfecho
9,*
10,todo bien
10,todo perfecto
10,es muy buena la atencion
10,"no,esta muy bien servicio"
10,muy buena la atencion
10,muy buenos atencion
9,me hicieron esperar para la entrega
9,*
10,"nada,todo es excelente"
10,al momento de entrega ser mas rapida
9,solo la entrega ser mas agil
9,todo muy bien con la asesora
9,muy bien todo
10,todo bien
10,todo bien
10,excelente atencion
9,ninguno
9,sin comentarios
0,*
9,todo bien
10,muy buena atencion
10,todo maravilloso como siempre
10,"todo bien con yaz , buena atencion"
9,*
8,*
9,la atencion muy buena
8,ninguno
10,"todo muy bien, gracias"
10,no por el momento
9,*
10,muy buen servicio
10,muy buena
10,faltan mas sillas para sala de espera
10,todo bien
0,*
9,"ninguna,todo bien"
10,ninguna
9,todo bien
9,todo bien
9,solo ser mas personalizados
9,"ninguna,todo bien"
10,"ninguno,muy bien todo"
10,todo muy bien
10,todo muy bien
10,muy bien
10,buen servicio
9,*
8,excelente
10,"nada,todo bien"
10,execelente atencion
10,todo va bien
9,*
9,todo bien
10,siempre me han tratado muy bien
10,todo bien
10,"ninguno,todo bien"
9,*
10,todo excelente
9,sin comentarios
9,sin comenatarios
0,pesimo servicio
10,excelente
7,por el tiempo de espera para la entrega
9,todo bien
10,todo bien
10,"no,todo estuvo muy bien"
10,ninguno
10,"nada, excelente atencion"
10,ninguno
8,ser mas rapidos
10,"todo muy bien,me trataron bien"
10,"no,ninguno"
10,"ninguno, todo bien"
9,*
10,todo bien
10,todo bien
10,todo bien
9,*
10,"todo muy bien,muy amables"
10,todo excelente
9,niinguna
10,todo bien
8,*
9,*
9,estuvo bien todo
10,todo muy bien
10,todo bien
10,nada
10,todo esta muy bien
10,todo perfecto
9,ninguna
8,*
8,*
8,*
9,ninguno
8,*
9,*
10,todo muy bien
10,todo bien
10,todo bien
9,"todo bien,solo el costo hasta muy alto"
10,"ninguno,todo bien"
10,todo bien
9,*
8,la promesa de entrega muy tardado
9,*
9,*
10,estoy conforme
10,esta bien todo
9,ninguna
9,*
10,"muy linda mi asesora,todo bien con ella"
9,todo bien
10,me atendieron muy bien
10,todo perfecto
9,todo muy bien con mi asesora
10,todo excelente
9,todo bien
8,*
8,*
10,todo bien
9,*
9,*
10,ninguna
10,estuvo bien
10,todo bien.
10,todo muy bien
9,todo bien
9,ninguna
10,todo muy bien
10,muy buena la atencion
9,todo bien
10,ninguna
10,la atencion en caja es pesima
9,*
9,"solo el tiempo de entrega,no salin"
10,"todo bien con yaz , buena atencion"
10,todo muy bien
10,"la realidad,todo esta muy bien"
10,"nada qie mejorar, todo muy bien"
10,todo muy bien
9,todo bien
8,"bien,solo que tardaron en recibirme"
9,*
10,excelente servicio
10,todo bien
10,todos muy bien y atentos
10,solo califica sin comentarios
10,solo califica sin comentarios
10,solo califica sin comentarios
10,solo califica sin comentarios
10,solo califica sin comentarios
10,solo califica sin comentarios
10,solo califica sin comentarios
6,de gm no reconmdaria nada
0,solo califica sin comentarios
10,solo califica sin comentarios
10,solo califica sin comentarios
10,solo califica sin comentarios
10,solo califica sin comentarios
10,solo califica sin comentarios
10,solo califica sin comentarios
10,solo califica sin comentarios
8,entregas mas agiles
10,solo califica sin comentarios
10,solo califica sin comentarios
10,solo califica sin comentarios
10,solo califica sin comentarios
10,solo califica sin comentarios
0,solo califica sin comentarios
6,solo califica sin comentarios
10,solo califica sin comentarios
8,el tiempo de respuesta de los mensajes
10,solo califica sin comentarios
6,solo califica sin comentarios
10,solo califica sin comentarios
10,solo califica sin comentarios
10,solo califica sin comentarios
10,solo califica sin comentarios
10,solo califica sin comentarios
9,no tardar tanto en enviar presupuestos
10,solo califica sin comentarios
10,solo califica sin comentarios
10,solo califica sin comentarios
6,solo califica sin comentarios
6,solo califica sin comentarios
10,todo muy bien
10,solo califica sin comentarios
10,solo califica sin comentarios
10,solo califica sin comentarios
9,solo 9 no tiene comentarios
10,solo califica sin comentarios
10,se envia whatsapp
10,todo muy bien
9,"nada, todo bien"
10,solo califica sin comentarios
10,solo califica sin comentarios
10,solo califica sin comentarios
10,solo califica sin comentarios
10,todo muy bien
10,todo bien
8,tardaron en entregarle la unidad
10,solo califica sin comentarios
10,solo califica sin comentarios
10,solo califica sin comentarios
10,solo califica sin comentarios
10,solo califica sin comentarios
10,solo califica sin comentarios
0,solo califica sin comentarios
10,solo califica sin comentarios
10,solo califica sin comentarios
10,solo califica sin comentarios
10,solo califica sin comentarios
10,solo califica sin comentarios
10,solo califica sin comentarios
10,solo califica sin comentarios
10,solo califica sin comentarios
10,solo califica sin comentarios
10,solo califica sin comentarios
10,todo muy bien
10,solo califica sin comentarios
10,solo califica sin comentarios
10,solo califica sin comentarios
6,solo califica sin comentarios
10,solo califica sin comentarios
10,todo bien
10,solo califica sin comentarios
10,solo califica sin comentarios
10,solo califica sin comentarios
10,solo califica sin comentarios
10,solo califica sin comentarios
8,solo califica sin comentarios
8,solo califica sin comentarios
10,solo califica sin comentarios
10,solo califica sin comentarios
0,nunca me contestaron el telefono
10,solo califica sin comentarios
10,solo califica sin comentarios
8,solo califica sin comentarios
10,solo califica sin comentarios
10,solo califica sin comentarios
10,solo califica sin comentarios
10,solo califica sin comentarios
8,solo califica sin comentarios
10,solo califica sin comentarios
10,solo califica sin comentarios
10,se envia whatsapp
10,solo califica sin comentarios
10,todo estuvo en orden
10,solo califica sin comentarios
10,todo bien
10,todo salio bien
10,solo califica sin comentarios
10,todo estuvo bien
10,solo califica sin comentarios
10,solo califica sin comentarios
10,solo califica sin comentarios
6,reporta retrovisor roto
10,todo estuvo muy bien
10,solo califica sin comentarios
10,todo muy bien
10,todo estuvo muy bien
10,solo califica sin comentarios
10,todo perfecto
10,solo califica sin comentarios
10,todo bien
10,todo bien
10,solo califica sin comentarios
10,todo muy bien
10,solo califica sin comentarios
10,solo califica sin comentarios
10,solo califica sin comentarios
10,solo califica sin comentarios
10,solo califica sin comentarios
10,solo califica sin comentarios
10,solo califica sin comentarios
10,solo califica sin comentarios
10,solo califica sin comentarios
10,todo muy bien
10,todo estuvo perfecto
10,todo estuvo perfecto
10,todo estuvo muy bien
10,solo califica sin comentarios
10,solo califica sin comentarios
10,solo califica sin comentarios
10,solo califica sin comentarios
10,todo estuvo perfecto
6,la unidad sigue en el distribuidor
8,solo califica sin comentarios
10,solo califica sin comentarios
10,solo califica sin comentarios
10,solo califica sin comentarios
10,todo esta bien hasta el momento
8,solo califica sin comentarios
9,cajas mas eficientes y solicita factura
10,solo califica sin comentarios
10,todo estuvo en orden
10,todo estuvo excelente
9,excelente atencion
10,*
10,"todo bien,todo perfecto"
10,todo bien
10,toda esta perfecto
10,muy buen servicio
10,todo bien
10,ninguno
10,sin comentarios
10,todo muy bien
10,es muy linda mi asesora
8,ninguno
10,muy buen servicio
10,excelente
10,todo muy bien
10,"ninguno,todo muy bien"
8,tiempo de entrega muy largo
10,todo es muy bueno
9,un poco mas de comunicacion
9,*
9,*
9,*
9,*
10,ninguna
10,muy buena atencion
10,buena atencion
10,ninguna
10,todo estuvo bien
10,buena atencion
10,excelente
9,esta bien la atencion
10,todo bien
9,*
10,todo muy bien
10,todo bien
10,ninguna
10,excelente servicio
10,todo en orden
10,todo bastante bien
10,excelente
10,todo bien
10,excelente servicio
10,ninguna
10,todo excelente
7,los precios son muy altos
10,buena atencion
8,todo bien
10,buen servicio
8,ninguna
10,excelente atencion
9,todo bien
10,excelente servicio
10,me cumplieron en tiempo y forma
9,todo bien
10,todo bien
8,*
9,*
10,todo bien
10,todo muy bien
9,*
9,*
10,ninguna
9,ninguno
10,"ninguna ,todo bien"
10,todo muy bien
9,todo bien
9,*
10,todo bien
9,nada
10,estuvo muy bien
9,ninguna
10,todo bien
10,todo bien
10,todo bien
10,todo estuvo bien
10,todo muy bien gracia
10,todo bien
10,todo bien
9,la entrega es muy tardada
9,*
10,todo bien
8,*
9,*
10,todo bien
10,todo en orden
10,muy buena atencion y servicio
9,*
6,"muy mal servicio,nadie me atiende"
10,todo muy bien
10,todo bien
9,todo bien
9,todo bien
10,todo muy bien
1,el lavado de carroceria es horrible
10,nada
10,muy buena su atencion
10,muy bueno y rapido
10,"ninguna,todo bien"
9,*
10,bien todo bien
9,*
9,*
9,*
9,*
9,*
9,*
9,*
8,sin comentarios
9,*
9,bien
9,todo bien
5,*
10,todo bien
9,*
10,todo muy bien
9,*
10,excelente servicio en todo
10,muy bueno
9,*
9,bien
10,todo perfecto
10,buenisimo mi asesor eduardo muy rapido
9,*
10,su atencion fue rapida
10,excelente
9,ninguno
10,todo muy bien
10,todo bien
9,ninguna
9,ninguno
9,todo bien
10,todo bien
10,buena
9,*
10,en esta ocasion excelente
10,"muy bien, excelente"
9,todo bien por el momento
10,siempre es excelente
10,excelente atencion
8,fue tardia la entrega
9,buena
10,bastante buena
10,buena
10,mejora desde mi ultima vista
9,"ninguna,todo bien"
10,"todo muy bien,gracias"
9,todo bien
8,*
8,*
10,"bien,todo bien"
9,*
9,*
10,todo estuvo bien
9,*
10,ninguno
9,*
9,*
8,*
10,todo bien
10,*
10,bien hasta el momento
10,excelente
9,*
10,sin comentarios
9,*
8,*
10,buenos precios
10,excelente atencion
6,sin comentarios
10,todo bien
9,todo bien
9,*
10,"ninguna,todo bien"
10,todo muy bien
10,excelente servicio
10,todo bien
10,todo bien
10,todo bien
10,me atendieron bien y fue rapido
10,excelente servicio
10,todo muy bien
10,todo bien
9,"todo bien ,buena atencion"
10,muy buena la atencion
9,*
10,vamos bien
9,*
7,ninguna
9,*
10,si me atendieron muy bien
10,todo bien
8,*
10,todo bien
10,execelente
9,*
10,todo al 100
9,*
10,todo bien
10,excelente
9,la espera en el cajero
8,*
7,todo bien
10,todo bien
9,*
10,no lo lavaron al 100% como le dijeron
10,todo bien
10,todo bien
10,todo muy bien
10,todo bien
9,*
10,cita en linea
10,todo bien
8,ninguna
9,todo bien
6,no le contestan en servicio
10,todo bien
10,bien trabajado
10,todo bien
10,todo bien
10,todo bien
9,mas rapidez en el servicio
10,ninguna
9,sin comentarios
9,bien
10,ninguna
9,todo bien
9,tood muy bien
10,aguarda
9,*
10,muy buena atencion y servicio
10,puntualidad con el servicio
10,todo bien
10,todo muy bien y excelente atencion
9,bien
10,"todo bien ,puntualidad y velocidad"
10,todo bien
9,*
10,es buena
8,"todo bien, el proceso es lento"
10,todo bien
10,perfecto
9,todo bien
10,todo bien
9,todo bien
9,que sigan con el servicio.
10,"esta bien, no hay quejas."
9,buena
10,todo bien
10,en
10,sin comentarios
10,"todo bien, en orden."
10,excelente atencion
10,todo bien
10,todo bien
8,el tiempo de espera es muy tardado
10,todo muy bien
10,"todo bien, agradezco el servicio"
10,excelente
10,todo bien
9,todo muy bien
9,todo bien
9,todo bien
10,todo muy bien
10,todo excelente
10,muy buen servicio.
10,todo bien
10,excelente servicio desde que llegue
10,todo bien
10,buena
8,sin comentarios
9,*
9,*
9,*
10,precios altos de focos
10,precios altos
10,muy buena atencion
10,todo muy bueno
9,no
9,*
9,bien
10,sin comentarios
10,no hay lugar para estacionarse
10,todo le han resuelto correctamente
9,*
9,nada
9,*
10,perfecto
9,*
10,todo bien
9,nada
10,esta muy caro
10,todo bien
10,todo bien
10,todo bien
9,mucho tiempo de espera
9,*
10,todo bien por el momento
10,todo excelente
9,*
8,*
0,costos excesivos
9,bien
2,sin comentarios
9,bien
8,cajas es tardado
10,todo bien
9,*
10,todo bien
10,la caja es muy lenta
10,"esta bien todo menos caja, tardan mucho"
10,todo muy bien
10,"todo bien, muy atento el asesor"
8,sin comentarios
8,todo bien
10,todo muy bien
8,tardan las refacciones y es muy raro
10,todo excelente
10,todo bien hasta el momento
10,es muy lenta la caja
10,todo bien
10,todo bien
10,"agradecida por su atencion, todo bien."
10,muchos dias para lo que le hicieron
10,todo bien
9,todo bien
9,*
10,tofo bien
10,muy bien
10,excelente servicio
10,todo bien
10,todo bien
10,todo bien
10,todo bien
6,cumpliendo en el horario de entrega
10,todo bien
10,precios alto
9,todo bien
4,amabilidad en cajas
9,cajas son muy tardadas
10,en caja fue tardado
10,solo califica sin comentarios
10,solo califica sin comentarios
10,solo califica sin comentarios
10,todo muy bien
10,solo califica sin comentarios
10,solo califica sin comentarios
10,solo califica sin comentarios
9,seguir mejorando
10,pendiente por entrega de placas
10,todo muy bien
10,solo califica sin comentarios
6,reporta rayones en la unidad
10,solo califica sin comentarios
10,solo califica sin comentarios
10,solo califica sin comentarios
10,todo en orden con la unidad
10,solo califica sin comentarios
10,todo muy bien
10,solo califica sin comentarios
10,solo califica sin comentarios
7,solo califica sin comentarios
10,solo califica sin comentarios
10,solo califica sin comentarios
10,solo califica sin comentarios
6,solo califica sin comentarios
8,solo califica sin comentarios
10,solo califica sin comentarios
10,5cm
10,solo califica sin comentarios
10,solo califica sin comentarios
10,solo califica sin comentarios
10,solo califica sin comentarios
10,todo muy bien
10,solo califica sin comentarios
10,solo califica sin comentarios/ 5cm
10,todo bien
10,solo califica sin comentarios
6,solo califica sin comentarios/ 1cm
10,todo bien/ correo incorrecto
6,solo califica sin comentarios
10,solo califica sin comentarios
10,confirma calificacion
10,solo califica sin comentarios
9,todo bien
10,solo califica sin comentarios
8,no le indicaron sus adicionales
9,no le indicaron sus adicionales/
10,todo bien/ 5cm
10,solo califica sin comentarios
7,precios
10,todo bien
10,solo califica sin comentarios
10,todo bien
10,solo califica sin comentarios
8,solo califica sin comentarios
10,solo califica sin comentarios
10,solo califica sin comentarios
10,solo califica sin comentarios/ 5cm
10,solo califica sin comentarios
10,solo califica sin comentarios/ 5cm
10,solo califica sin comentarios
10,solo califica sin comentarios
10,solo califica sin comentarios/ 1cm
7,solo califica sin comentarios
10,todo en orden
6,solo califica sin comentarios
10,solo califica sin comentarios
0,solo califica sin comentarios
10,solo califica sin comentarios
8,solo califica sin comentarios
10,solo califica sin comentarios/ 5cm
8,mas especificos en sus costos
10,solo califica sin comentarios
10,solo califica sin comentarios/ 5cm
10,todo en orden
10,solo califica sin comentarios
6,pendiente por reparacion desde 13/05/24
10,solo califica sin comentarios/ 5cm
10,solo califica sin comentarios
10,solo califica sin comentarios
10,todo bien
6,sigue haciendo lo mismo
10,solo califica sin comentarios
10,solo califica sin comentarios
10,solo califica sin comentarios
10,solo califica sin comentarios
10,solo califica sin comentarios
6,solo califica sin comentarios
10,solo califica sin comentarios
10,solo califica sin comentarios
10,solo califica sin comentarios
10,solo califica sin comentarios/ 5cm
6,solo califica sin comentarios
10,todo bien/ 5cm
10,solo califica sin comentarios/ 5cm
0,solo califica sin comentarios
10,no tiene comentarios
10,solo califica sin comentarios
10,solo califica sin comentarios / 5cm
10,5cm/ solo califica sin comentarios
7,solo califica sin comentarios
10,todo bien
8,solo califica sin comentarios / 3cm
10,solo califica sin comentarios
10,solo califica sin comentarios/ 5cm
10,solo califica sin comentarios/ 5cm
10,solo califica sin comentarios
10,todo bien
8,solo califica sin comentarios/ 5cm
10,solo califica sin comentarios
10,solo califica sin comentarios
9,cumplir con los horarios de entrega
8,solo califica sin comentarios
6,molesto por tantas encuestas
10,solo califica sin comentarios/ 5cm
10,solo califica sin comentarios
10,todo bien / 5cm
10,solo califica sin comentarios
10,todo bien
10,solo caifica sin comentarios/ 5cm
8,muuuuy caro
10,todo bien
0,solo califica sin comentarios
10,solo califica sin comentarios
10,solo califica sin comentarios
0,solo califica sin comentarios
9,todo bien
10,todo bien
7,solo califica sin comentarios
10,solo califica sin comentarios
6,precios muy altos y tiempos de entrega
10,todo bien
10,solo califica sin comentarios
10,solo califica sin comentarios/ 5cm
10,solo califica sin comentarios
10,todo muy bien
10,todo bien
10,solo califica sin comentarios / 5cm
6,solo califica sin comentarios/ 1cm
10,solo califica sin comentaros
10,solo califica sin comentarios
10,solo califica sin comentarios
8,solo califica sin comentarios
6,solo califica sin comentarios
10,solo califica sin comentarios/ 5cm
10,solo califica sin comentarios
10,solo califica sin comentarios
10,todo estuvo muy bien
10,todo muy puntual y en orden
10,solo califica sin comentarios
10,solo califica sin comentarios
10,todo bien
10,edurdo muy buen servicio
10,solo califica sin comentarios
10,solo califica sin comentarios
10,solo califica sin comentarios
10,solo califica sin comentarios
8,solo califica sin comentarios
10,todo bien
8,tardaron mucho en llegar las piezas
10,todo bien
10,solo califica sin comentarios
10,solo califica sin comentarios
8,solo califica sin comentarios
10,solo califica sin comentarios
10,5cm/ solo califica sin comentarios
10,solo califica sin comentarios
10,parece que todo bien
10,solo califica sin comentarios
10,solo califica sin comentarios
10,muy bien todo
6,solo califica sin comentarios
10,solo califica sin comentarios / 5cm
10,solo califica sin comentarios
10,solo califica sin comentarios
10,solo califica sin comentarios
10,todo muy bien
10,solo califica sin comentarios / 5cm
10,solo califica sin comentarios
10,solo califica sin comentarios
10,solo califica sin comentarios
10,solo califica sin comentarios/ 5cm
10,todo bien
6,solo califica sin comentarios
6,envio de factura
6,se envia whatsapp
10,solo califica sin comentarios
8,solo califica sin comentarios/ 3cm
10,solo califica sin comentarios/ 4cm
6,falta de seguimiento
6,solo califica sin comentarios / 5cm
10,solo califica sin comentarios / 5cm
10,todo muy bien
10,solo califica sin comentarios
10,todo excelente/ 5cm
10,solo califica sin comentarios
10,solo califica sin comentarios
10,todo estuvo perfecto
10,solo califica sin comentarios
6,solo califica sin comentarios/ 5cm
10,solo califica sin comentarios
10,solo califica sin comentarios
10,solo califica sin comentarios/ 5cm
10,solo califica sin comentarios
8,solo califica sin comentarios/ 3cm
10,solo califica sin comentarios
10,solo califica sin comentarios
10,solo califica sin comentarios
0,bdc
10,solo califica sin comentarios
10,solo califica sin comentarios
10,solo califica sin comentarios/ 5cm
10,solo califica sin comentarios
8,solo califica sin comentarios
10,solo califica sin comentarios
10,solo califica sin comentarios
10,todo muy bien
8,*
10,siempre la atienden excelente
9,todo bien
10,todo muy bien
10,sin comentarios
8,"nada, todo bien"
9,todo bien
8,ninguno
9,el tiempo de espera fue demasiado
10,"no,fue buena"
10,todo bien
10,todo bien
10,sin comentarios
6,no le hicieron nada a la unidad
10,sin comentarios
10,el tiempo de espera es mucho
10,todo muy bien
10,todo ha sido muy positivo.
10,todo bien
8,sin comentarios
8,sin comentarios
10,excelente todo
10,todo bien
10,"todo bien, excelente servicio"
8,*
10,todo bien
10,excelente servicio
10,todo en orden con la unidad
10,todo bien
10,todo bien
10,mantengan la puntualidad
6,reporta rayon al momento de entrega.
8,tardaron mucho en entregar la unidad
10,todo super bien
10,todo muy bien y puntuales.
10,"ninguno, excelente servicio"
10,todo muy bien.
9,sin comentarios
10,bastante bien y rapido
10,tiempo es demasiado
10,sin comentarios
8,sin comentarios
9,buen servicio y atencion
9,mucho tiempo de espera
8,sin comentarios
8,sin comentarios
10,todo bien
10,ningun comentario
10,sin comentarios
10,todo bien
8,sin comentarios
8,no ninguno
10,excelente
10,todo bien
8,sin comentarios
10,todo esta bien.
10,sin comentarios
8,sin comentarios
10,todo bien
10,todo bien
10,todo muy bien
10,todo bien
10,todo muy bien
10,todo muy bien
10,excelente servicio
8,*
8,*
10,sin comentarios
8,sin comentarios
8,sin comentarios
10,sin comentarios
10,todo bien
10,que siga la buena atencion
10,todo muy bien
10,"todo muy bien, estuvo muy rapido"
10,todo bien
10,excelente servicio
10,ninguno
9,ninguno
10,excelente servicio
8,*
9,el tiempo que toma la reparacion
9,todo bien
8,*
10,todo muy bien
10,todo bien
10,todo muy bien
9,todo bien
8,*
8,*
9,ninguno
6,muy impuntuales.
10,muy bien todo
9,ninguno en esta visita
10,todo bien
10,todo bien
10,todo bien hasta el momento
10,esta bien todo
10,esta contento con el servicio
8,sin comentarios
10,ninguno
8,*
10,el internet no fue bueno.
8,*
10,todo estuvo de lujo
10,todo bien
10,todo bien
10,no ninguno
10,todo correcto
10,todo bien
10,todo esta bien.
10,todo bien
10,todo bien
10,todo bien
10,todo bien
8,*
10,todo excelente
10,todo bien
10,todo muy bien
10,todo bien
10,sin comentarios
8,*
8,*
10,todo bien
10,todo perfecto
8,*
8,*
10,todo bien
10,"todo muy bien, gran servicio"
9,que programen los servicios bien.
9,todo muy bien
8,*
10,descuentos
10,todo fue rapido
8,*
10,ninguno
9,porque se tardan mucho
5,tiempo de espera y nula comunicacion
8,*
8,*
10,espera del diagnostico en la respuesta
10,tiempo de espera de la entrega
8,*
10,todo bien
10,tarda un poco
8,*
10,sigan igual de amables
9,en caja no hay cambio
10,perfecto todo
8,*
8,*
10,todo bien
3,ninguno
10,todo bien
10,muy bien servicio
9,rapido y lo atendieron bien
10,todo muy bien
9,no respetaron el horario de entrega.
10,todo bien
10,ha sido genial el trato
10,le gusto la puntualidad
10,sin comentarios
8,cliente molesto por tiempo de espera
10,todo bien
9,otra caja para que el pago sea rapido.
10,todo muy bien
10,todo bien
8,*
8,atencion mas rapida
8,*
8,*
8,*
0,le hicieron pasar un pesimo dia
8,*
8,*
7,no
8,*
10,sin comentarios
10,todo perfecto
9,sin comentarios
8,*
10,sin comentarios
10,todo muy bien
10,sin comentarios
10,todo excelente
10,entregan en tiempo y forma
10,todo muy bien
9,ninguno
10,satisfecho
9,sin comentarios
8,*
10,ninguno
10,todo muy bien
10,todo bien
10,todo muy bien
10,todo bien
10,sin comentarios
8,*
8,*
10,todo bien
10,reducir tiempos de entrega
10,excelente servicio
7,es muy lento el servicio
10,sin comentarios
5,servicio y refacciones carismas
9,todo muy bien
8,*
10,todo bien
8,"bajar los precios, esta demasiado caro."
10,todo bien
8,*
10,las personas en caja son groseras
8,*
10,sin comentarios
9,muy bien todo
10,sin comentarios
10,todo bien por el momento
9,sin comentarios
10,el servicio es genial
10,todo bien
10,todo bien
10,todo bien
10,todo muy bien
10,todo muy bien
10,ninguno
10,todo bien
8,*
10,todo bien
9,se tardaron en realizar el servicio.
8,*
8,mejor atencion
8,*
8,*
10,todo bien
10,"mejorar los tiempos, son muy tardados."
10,sigan asi
8,*
8,*
8,*
8,*
8,*
8,*
10,todo bien
10,todo bien
10,todo muy bien
8,*
9,todo en orden
10,todo bien
10,todo bien
10,todo bien por el momento
9,buen servicio
10,excelente todo
10,ninguno
8,*
9,ninguno
8,*
8,*
8,*
10,ninguno
8,*
8,*
8,*
8,*
8,*
10,seguimiento mejorar.
10,tiempos de entrega
9,bien todo
10,todo muy bien
10,ninguno
10,muy bien todo
10,no
10,todo muy bien
8,*
8,*
8,*
9,ninguno
10,todo bien
8,*
10,"nada, si lo recomendaria mucho"
10,excelente servicio
10,siempre los han atendido muy bien
10,excelente atencion
8,*
10,ha estado muy bien.
8,*
10,excelente servicio
5,sin comentarios
8,*
8,*
10,todo bien
9,todo bien
10,todo bien
10,todo muy bien
10,muy profesionales
9,ninguno
10,me gusto
8,*
10,todo excelente
9,lo atendieron muy bien
8,*
10,todo bien
8,*
10,todo bien
8,*
8,*
6,nula comunicacion por parte del asesor.
10,todo muy bien
8,*
10,no
8,que tengan refacciones.
8,*
10,todo bien
10,todo sin problema.
10,muy atentos todos
10,todo bien
10,todo bien
10,todo excelente
10,todo super bien
8,*
8,*
8,*
10,"ninguno, fueron muy amables"
10,todo bien.
10,puntualidad
8,*
10,nunca esta el personal de caja.
10,excelente trato al cliente
9,sin comentarios
10,tuvo un gran servicio
10,todo bien
10,todo bien
8,*
8,*
8,*
8,*
8,*
8,*
10,el tiempo de servicio es muchisimo
9,todo bien
10,excelente
10,muy rapido todo
8,*
8,*
8,*
8,*
8,*
10,siempre bien
10,pues bien hasta ahorita
10,"muy bien, solucionaron mi problema"
8,*
10,todo bien
10,todo bien
9,bien todo
9,ninguno
10,ninguno
10,todo bien
8,*
10,todo bien
10,siempre excelente
10,todo bien
10,todo bien
8,*
10,caja fue tardado porque estaban jugando
10,excelente servicio
8,*
